operation_name,request_id,invoked_at_time,serverless_fn_start_time,enqueued_at_time,began_executing_time,finished_executing_time,serverless_fn_end_time,result_received_time,invocation_duration,preprocessing_duration,waiting_in_queue_duration,execution_duration,postprocessing_duration,return_to_client_duration,serverless_fn_duration,deployment_number,name_node_id,request_type,metadata_cache_hits,metadata_cache_misses
getBlockLocations,b6c1c9d3-f5d0-4df4-b372-2bef1eafcda2  ,1646931789461             ,1646931789461             ,0                         ,1646931789461             ,1646931789463             ,1646931789463             ,1646931789463             ,0       ,0       ,0       ,2       ,0       ,0       ,2       ,2  ,2529255366899679288   ,TCP   ,555  ,455  
getBlockLocations,b2084f73-0629-4eef-9932-6ab23c42bfa8  ,1646931789410             ,1646931789411             ,0                         ,1646931789411             ,1646931789413             ,1646931789413             ,1646931789413             ,1       ,0       ,0       ,2       ,0       ,0       ,2       ,2  ,2529255366899679288   ,TCP   ,523  ,423  
getBlockLocations,91df3748-afee-467e-8b35-ec32367895b0  ,1646931784416             ,1646931784417             ,0                         ,1646931784417             ,1646931784419             ,1646931784422             ,1646931784424             ,1       ,0       ,0       ,2       ,3       ,2       ,5       ,2  ,2529255366899679288   ,HTTP  ,246  ,344  
getBlockLocations,ef77a050-283f-4460-88f0-68c032176b57  ,1646931789724             ,1646931789724             ,0                         ,1646931789724             ,1646931789726             ,1646931789726             ,1646931789726             ,0       ,0       ,0       ,2       ,0       ,0       ,2       ,2  ,2529255366899679288   ,TCP   ,659  ,559  
getBlockLocations,92731087-e54b-441d-a759-b2a870ddcbd5  ,1646931784425             ,1646931784427             ,0                         ,1646931784427             ,1646931784429             ,1646931784432             ,1646931784433             ,2       ,0       ,0       ,2       ,3       ,1       ,5       ,2  ,2529255366899679288   ,HTTP  ,248  ,348  
getBlockLocations,209d8e38-24e6-4ba4-ae32-35135e234af7  ,1646931789729             ,1646931789730             ,0                         ,1646931789730             ,1646931789731             ,1646931789732             ,1646931789732             ,1       ,0       ,0       ,1       ,1       ,0       ,2       ,2  ,2529255366899679288   ,TCP   ,663  ,563  
getBlockLocations,5c2ed93b-8eb7-442f-a3ac-11e490cf5dd1  ,1646931789385             ,1646931789385             ,0                         ,1646931789385             ,1646931789387             ,1646931789388             ,1646931789388             ,0       ,0       ,0       ,2       ,1       ,0       ,3       ,2  ,2529255366899679288   ,TCP   ,507  ,407  
getBlockLocations,52bd6c2f-3a5e-45b2-8737-a819378c6756  ,1646931789953             ,1646931790005             ,0                         ,1646931790005             ,1646931790008             ,1646931790008             ,1646931790008             ,52      ,0       ,0       ,3       ,0       ,0       ,3       ,2  ,2529255366899679288   ,TCP   ,785  ,685  
getBlockLocations,cf1d3a26-f221-408e-8193-9eb0d589b4b1  ,1646931789920             ,1646931789920             ,0                         ,1646931789920             ,1646931789922             ,1646931789922             ,1646931789923             ,0       ,0       ,0       ,2       ,0       ,1       ,2       ,2  ,2529255366899679288   ,TCP   ,763  ,663  
getBlockLocations,1a3c2043-b8cc-47d9-b1a1-b41bfbad1e2f  ,1646931789651             ,1646931789651             ,0                         ,1646931789651             ,1646931789653             ,1646931789653             ,1646931789654             ,0       ,0       ,0       ,2       ,0       ,1       ,2       ,2  ,2529255366899679288   ,TCP   ,635  ,535  
getBlockLocations,0b34eed8-87a9-499c-a411-5d7935eed7fa  ,1646931790043             ,1646931790043             ,0                         ,1646931790043             ,1646931790045             ,1646931790045             ,1646931790045             ,0       ,0       ,0       ,2       ,0       ,0       ,2       ,2  ,2529255366899679288   ,TCP   ,813  ,713  
getBlockLocations,54848a08-8340-40a5-bfe1-be4b5c494e5b  ,1646931790106             ,1646931790107             ,0                         ,1646931790107             ,1646931790108             ,1646931790109             ,1646931790109             ,1       ,0       ,0       ,1       ,1       ,0       ,2       ,2  ,2529255366899679288   ,TCP   ,841  ,741  
getBlockLocations,52d8c3df-ade8-448a-8874-12a0bfb9a489  ,1646931789809             ,1646931789810             ,0                         ,1646931789810             ,1646931789811             ,1646931789811             ,1646931789812             ,1       ,0       ,0       ,1       ,0       ,1       ,1       ,2  ,2529255366899679288   ,TCP   ,711  ,611  
getBlockLocations,77b609c2-9a9f-40e1-8a50-df9519b4076c  ,1646931789941             ,1646931789941             ,0                         ,1646931789941             ,1646931789943             ,1646931789943             ,1646931789944             ,0       ,0       ,0       ,2       ,0       ,1       ,2       ,2  ,2529255366899679288   ,TCP   ,777  ,677  
getBlockLocations,2bf6b332-855b-4526-a5a1-a7051506e508  ,1646931789868             ,1646931789868             ,0                         ,1646931789868             ,1646931789906             ,1646931789906             ,1646931789907             ,0       ,0       ,0       ,38      ,0       ,1       ,38      ,2  ,2529255366899679288   ,TCP   ,753  ,653  
getBlockLocations,31ef8b83-3cae-48b4-9d51-c2bbfec1bc75  ,1646931788760             ,1646931788760             ,0                         ,1646931788760             ,1646931788763             ,1646931788763             ,1646931788763             ,0       ,0       ,0       ,3       ,0       ,0       ,3       ,2  ,2529255366899679288   ,TCP   ,461  ,361  
getBlockLocations,a1544ae7-46b8-4b7d-ad6d-92d2ec2797a8  ,1646931789926             ,1646931789927             ,0                         ,1646931789927             ,1646931789929             ,1646931789929             ,1646931789929             ,1       ,0       ,0       ,2       ,0       ,0       ,2       ,2  ,2529255366899679288   ,TCP   ,767  ,667  
getBlockLocations,8c140c97-14b9-45c2-93f7-0b92a0a45538  ,1646931789563             ,1646931789563             ,0                         ,1646931789563             ,1646931789608             ,1646931789608             ,1646931789608             ,0       ,0       ,0       ,45      ,0       ,0       ,45      ,2  ,2529255366899679288   ,TCP   ,607  ,507  
getBlockLocations,272c4fa3-fa4a-44d7-8a4f-3305d898c08e  ,1646931789392             ,1646931789392             ,0                         ,1646931789392             ,1646931789394             ,1646931789394             ,1646931789394             ,0       ,0       ,0       ,2       ,0       ,0       ,2       ,2  ,2529255366899679288   ,TCP   ,511  ,411  
getBlockLocations,83f208ea-fda7-475a-95a1-de9c2576cdf8  ,1646931789481             ,1646931789481             ,0                         ,1646931789482             ,1646931789486             ,1646931789486             ,1646931789486             ,0       ,1       ,0       ,4       ,0       ,0       ,5       ,2  ,2529255366899679288   ,TCP   ,567  ,467  
getBlockLocations,af84de21-86af-4014-88de-073a8dfcfbeb  ,1646931789839             ,1646931789839             ,0                         ,1646931789839             ,1646931789840             ,1646931789841             ,1646931789841             ,0       ,0       ,0       ,1       ,1       ,0       ,2       ,2  ,2529255366899679288   ,TCP   ,733  ,633  
getBlockLocations,731e1a3c-b505-414d-b23c-6a4d2132690c  ,1646931789457             ,1646931789458             ,0                         ,1646931789458             ,1646931789460             ,1646931789460             ,1646931789460             ,1       ,0       ,0       ,2       ,0       ,0       ,2       ,2  ,2529255366899679288   ,TCP   ,553  ,453  
getBlockLocations,b7b0a23e-edbc-4f06-9dec-3cf069199b65  ,1646931784615             ,1646931784616             ,0                         ,1646931784616             ,1646931784618             ,1646931784618             ,1646931784618             ,1       ,0       ,0       ,2       ,0       ,0       ,2       ,2  ,2529255366899679288   ,TCP   ,439  ,339  
getBlockLocations,01821d34-313c-468e-a928-f166bacadf18  ,1646931790048             ,1646931790048             ,0                         ,1646931790048             ,1646931790050             ,1646931790050             ,1646931790051             ,0       ,0       ,0       ,2       ,0       ,1       ,2       ,2  ,2529255366899679288   ,TCP   ,817  ,717  
getBlockLocations,7c91472f-e478-418d-a72f-60d1e027bc74  ,1646931789455             ,1646931789455             ,0                         ,1646931789455             ,1646931789457             ,1646931789457             ,1646931789457             ,0       ,0       ,0       ,2       ,0       ,0       ,2       ,2  ,2529255366899679288   ,TCP   ,551  ,451  
getBlockLocations,053ce7fd-4344-4c38-bb76-98769bcb378b  ,1646931789525             ,1646931789525             ,0                         ,1646931789525             ,1646931789527             ,1646931789527             ,1646931789527             ,0       ,0       ,0       ,2       ,0       ,0       ,2       ,2  ,2529255366899679288   ,TCP   ,581  ,481  
getBlockLocations,ee898ac8-36c8-419e-90d1-9bdbefd46c72  ,1646931784454             ,1646931784454             ,0                         ,1646931784454             ,1646931784457             ,1646931784457             ,1646931784457             ,0       ,0       ,0       ,3       ,0       ,0       ,3       ,2  ,2529255366899679288   ,TCP   ,359  ,259  
getBlockLocations,b57fef53-b71d-4fe5-927d-eaeeecaa8a9b  ,1646931789865             ,1646931789865             ,0                         ,1646931789865             ,1646931789867             ,1646931789867             ,1646931789867             ,0       ,0       ,0       ,2       ,0       ,0       ,2       ,2  ,2529255366899679288   ,TCP   ,751  ,651  
getBlockLocations,e1d54c89-ab5c-4dfb-bbed-2077755c062a  ,1646931790067             ,1646931790067             ,0                         ,1646931790067             ,1646931790069             ,1646931790069             ,1646931790069             ,0       ,0       ,0       ,2       ,0       ,0       ,2       ,2  ,2529255366899679288   ,TCP   ,831  ,731  
getBlockLocations,21f7346e-40c6-4d6e-8da5-3ee9dd2dea5f  ,1646931788819             ,1646931788820             ,0                         ,1646931788820             ,1646931788822             ,1646931788822             ,1646931788822             ,1       ,0       ,0       ,2       ,0       ,0       ,2       ,2  ,2529255366899679288   ,TCP   ,485  ,385  
getBlockLocations,4442b4bc-d121-45ef-8681-c1c6e65e6cc4  ,1646931789512             ,1646931789512             ,0                         ,1646931789513             ,1646931789514             ,1646931789515             ,1646931789515             ,0       ,1       ,0       ,1       ,1       ,0       ,3       ,2  ,2529255366899679288   ,TCP   ,573  ,473  
getBlockLocations,18ca4d60-19ea-46f4-b029-84d136fdc957  ,1646931784540             ,1646931784540             ,0                         ,1646931784540             ,1646931784542             ,1646931784542             ,1646931784543             ,0       ,0       ,0       ,2       ,0       ,1       ,2       ,2  ,2529255366899679288   ,TCP   ,409  ,309  
getBlockLocations,09b6f0cb-790c-4af7-a3a2-90733294a90e  ,1646931784576             ,1646931784576             ,0                         ,1646931784576             ,1646931784578             ,1646931784579             ,1646931784579             ,0       ,0       ,0       ,2       ,1       ,0       ,3       ,2  ,2529255366899679288   ,TCP   ,431  ,331  
getBlockLocations,022d0e33-acf1-4e32-bea3-63bc4fd87193  ,1646931789413             ,1646931789414             ,0                         ,1646931789414             ,1646931789416             ,1646931789416             ,1646931789416             ,1       ,0       ,0       ,2       ,0       ,0       ,2       ,2  ,2529255366899679288   ,TCP   ,525  ,425  
getBlockLocations,cd1f6787-433a-4875-be93-777bb39843a4  ,1646931789807             ,1646931789807             ,0                         ,1646931789807             ,1646931789809             ,1646931789809             ,1646931789809             ,0       ,0       ,0       ,2       ,0       ,0       ,2       ,2  ,2529255366899679288   ,TCP   ,709  ,609  
getBlockLocations,7533b8e6-725e-40ee-9936-b882ae9f4afd  ,1646931788737             ,1646931788738             ,0                         ,1646931788738             ,1646931788741             ,1646931788744             ,1646931788745             ,1       ,0       ,0       ,3       ,3       ,1       ,6       ,2  ,2529255366899679288   ,HTTP  ,352  ,452  
getBlockLocations,dd2ff868-1568-4547-a473-8e38b96215d5  ,1646931789828             ,1646931789828             ,0                         ,1646931789828             ,1646931789830             ,1646931789830             ,1646931789830             ,0       ,0       ,0       ,2       ,0       ,0       ,2       ,2  ,2529255366899679288   ,TCP   ,725  ,625  
getBlockLocations,27993f59-be43-4df0-8576-8d43507be236  ,1646931784523             ,1646931784523             ,0                         ,1646931784523             ,1646931784525             ,1646931784525             ,1646931784526             ,0       ,0       ,0       ,2       ,0       ,1       ,2       ,2  ,2529255366899679288   ,TCP   ,399  ,299  
getBlockLocations,eb11f83d-9d97-40f7-9a15-21b754b4b32f  ,1646931789826             ,1646931789826             ,0                         ,1646931789826             ,1646931789827             ,1646931789828             ,1646931789828             ,0       ,0       ,0       ,1       ,1       ,0       ,2       ,2  ,2529255366899679288   ,TCP   ,723  ,623  
getBlockLocations,bbbc351a-f58c-463f-9d9c-e676ab9a4f0f  ,1646931789706             ,1646931789706             ,0                         ,1646931789706             ,1646931789709             ,1646931789709             ,1646931789709             ,0       ,0       ,0       ,3       ,0       ,0       ,3       ,2  ,2529255366899679288   ,TCP   ,647  ,547  
getBlockLocations,57dbb5ac-2368-4b99-a9df-cb09c11b5449  ,1646931789767             ,1646931789767             ,0                         ,1646931789767             ,1646931789769             ,1646931789769             ,1646931789769             ,0       ,0       ,0       ,2       ,0       ,0       ,2       ,2  ,2529255366899679288   ,TCP   ,691  ,591  
getBlockLocations,dd5273f1-2116-4094-b54e-07e723fd1278  ,1646931788844             ,1646931788844             ,0                         ,1646931788844             ,1646931788846             ,1646931788846             ,1646931788847             ,0       ,0       ,0       ,2       ,0       ,1       ,2       ,2  ,2529255366899679288   ,TCP   ,501  ,401  
getBlockLocations,d295ede3-3ef8-41d0-a241-16e92662be09  ,1646931788826             ,1646931788826             ,0                         ,1646931788826             ,1646931788828             ,1646931788828             ,1646931788828             ,0       ,0       ,0       ,2       ,0       ,0       ,2       ,2  ,2529255366899679288   ,TCP   ,489  ,389  
getBlockLocations,4122848a-be12-4365-9f18-6d0702c5b650  ,1646931784550             ,1646931784550             ,0                         ,1646931784550             ,1646931784552             ,1646931784552             ,1646931784552             ,0       ,0       ,0       ,2       ,0       ,0       ,2       ,2  ,2529255366899679288   ,TCP   ,415  ,315  
getBlockLocations,856480ee-dbdb-42d0-99de-3f3cf369bca1  ,1646931789642             ,1646931789642             ,0                         ,1646931789642             ,1646931789644             ,1646931789644             ,1646931789644             ,0       ,0       ,0       ,2       ,0       ,0       ,2       ,2  ,2529255366899679288   ,TCP   ,629  ,529  
getBlockLocations,f6323262-6ce4-430c-b3d3-c1468393c170  ,1646931789749             ,1646931789749             ,0                         ,1646931789749             ,1646931789750             ,1646931789751             ,1646931789751             ,0       ,0       ,0       ,1       ,1       ,0       ,2       ,2  ,2529255366899679288   ,TCP   ,677  ,577  
getBlockLocations,ecef746f-e867-4277-acfd-e50bd4916941  ,1646931789423             ,1646931789423             ,0                         ,1646931789423             ,1646931789425             ,1646931789426             ,1646931789426             ,0       ,0       ,0       ,2       ,1       ,0       ,3       ,2  ,2529255366899679288   ,TCP   ,531  ,431  
getBlockLocations,3c02bc58-2d79-484b-a63f-2f59442c1cd6  ,1646931789617             ,1646931789617             ,0                         ,1646931789617             ,1646931789619             ,1646931789619             ,1646931789620             ,0       ,0       ,0       ,2       ,0       ,1       ,2       ,2  ,2529255366899679288   ,TCP   ,613  ,513  
getBlockLocations,54eeae86-29e9-4c3a-b619-8e8573964814  ,1646931789645             ,1646931789645             ,0                         ,1646931789645             ,1646931789647             ,1646931789647             ,1646931789647             ,0       ,0       ,0       ,2       ,0       ,0       ,2       ,2  ,2529255366899679288   ,TCP   ,631  ,531  
getBlockLocations,38054e65-9714-4e66-b89e-e666a5244989  ,1646931789947             ,1646931789948             ,0                         ,1646931789948             ,1646931789950             ,1646931789950             ,1646931789950             ,1       ,0       ,0       ,2       ,0       ,0       ,2       ,2  ,2529255366899679288   ,TCP   ,781  ,681  
getBlockLocations,edb8e968-9765-4363-a838-195b9b7a96ab  ,1646931784533             ,1646931784533             ,0                         ,1646931784533             ,1646931784535             ,1646931784536             ,1646931784536             ,0       ,0       ,0       ,2       ,1       ,0       ,3       ,2  ,2529255366899679288   ,TCP   ,405  ,305  
getBlockLocations,49485eb2-bde0-49c1-8d58-316f76fca55c  ,1646931789713             ,1646931789713             ,0                         ,1646931789713             ,1646931789715             ,1646931789715             ,1646931789715             ,0       ,0       ,0       ,2       ,0       ,0       ,2       ,2  ,2529255366899679288   ,TCP   ,651  ,551  
getBlockLocations,c0f54167-ce37-40b4-8ad8-45e0b976b812  ,1646931789944             ,1646931789944             ,0                         ,1646931789944             ,1646931789946             ,1646931789947             ,1646931789947             ,0       ,0       ,0       ,2       ,1       ,0       ,3       ,2  ,2529255366899679288   ,TCP   ,779  ,679  
getBlockLocations,ff6dece3-b63b-4fa2-8f3a-011282fdecae  ,1646931789751             ,1646931789751             ,0                         ,1646931789751             ,1646931789753             ,1646931789753             ,1646931789753             ,0       ,0       ,0       ,2       ,0       ,0       ,2       ,2  ,2529255366899679288   ,TCP   ,679  ,579  
getBlockLocations,b10b44d1-7242-438b-9d81-671b64d2e6f2  ,1646931784484             ,1646931784484             ,0                         ,1646931784484             ,1646931784486             ,1646931784486             ,1646931784487             ,0       ,0       ,0       ,2       ,0       ,1       ,2       ,2  ,2529255366899679288   ,TCP   ,377  ,277  
getBlockLocations,6f6c2333-1744-45ca-99cc-64e7f44e5adb  ,1646931784434             ,1646931784435             ,0                         ,1646931784435             ,1646931784437             ,1646931784440             ,1646931784441             ,1       ,0       ,0       ,2       ,3       ,1       ,5       ,2  ,2529255366899679288   ,HTTP  ,251  ,351  
getBlockLocations,b79cfa70-aca5-4d09-9ea0-4c62ff63458a  ,1646931788823             ,1646931788823             ,0                         ,1646931788823             ,1646931788825             ,1646931788825             ,1646931788825             ,0       ,0       ,0       ,2       ,0       ,0       ,2       ,2  ,2529255366899679288   ,TCP   ,487  ,387  
getBlockLocations,bff157d2-1e8b-4181-9ddf-658aff06275f  ,1646931790064             ,1646931790064             ,0                         ,1646931790064             ,1646931790066             ,1646931790066             ,1646931790067             ,0       ,0       ,0       ,2       ,0       ,1       ,2       ,2  ,2529255366899679288   ,TCP   ,829  ,729  
getBlockLocations,23d2d18d-690d-40ce-8e7f-e3314f49ad07  ,1646931784563             ,1646931784563             ,0                         ,1646931784563             ,1646931784565             ,1646931784565             ,1646931784565             ,0       ,0       ,0       ,2       ,0       ,0       ,2       ,2  ,2529255366899679288   ,TCP   ,423  ,323  
getBlockLocations,2060f418-2cc9-40cc-9a83-be6ccc18cd29  ,1646931788841             ,1646931788841             ,0                         ,1646931788841             ,1646931788843             ,1646931788843             ,1646931788844             ,0       ,0       ,0       ,2       ,0       ,1       ,2       ,2  ,2529255366899679288   ,TCP   ,499  ,399  
getBlockLocations,6ddc067e-db9e-4581-9e25-783568687383  ,1646931789789             ,1646931789789             ,0                         ,1646931789789             ,1646931789806             ,1646931789806             ,1646931789806             ,0       ,0       ,0       ,17      ,0       ,0       ,17      ,2  ,2529255366899679288   ,TCP   ,707  ,607  
getBlockLocations,a32c93c8-15fb-4512-b505-84ea040f3705  ,1646931790025             ,1646931790025             ,0                         ,1646931790025             ,1646931790026             ,1646931790027             ,1646931790027             ,0       ,0       ,0       ,1       ,1       ,0       ,2       ,2  ,2529255366899679288   ,TCP   ,799  ,699  
getBlockLocations,94942cac-96ab-4468-a052-f4798c6b1aaf  ,1646931788746             ,1646931788747             ,0                         ,1646931788747             ,1646931788749             ,1646931788751             ,1646931788752             ,1       ,0       ,0       ,2       ,2       ,1       ,4       ,2  ,2529255366899679288   ,HTTP  ,355  ,455  
getBlockLocations,d19bd1de-ebb2-41bf-b51c-e879384c3d15  ,1646931789923             ,1646931789924             ,0                         ,1646931789924             ,1646931789926             ,1646931789926             ,1646931789926             ,1       ,0       ,0       ,2       ,0       ,0       ,2       ,2  ,2529255366899679288   ,TCP   ,765  ,665  
getBlockLocations,60335d08-536c-41e0-ae1e-62eacd3370b5  ,1646931789764             ,1646931789765             ,0                         ,1646931789765             ,1646931789766             ,1646931789766             ,1646931789767             ,1       ,0       ,0       ,1       ,0       ,1       ,1       ,2  ,2529255366899679288   ,TCP   ,689  ,589  
getBlockLocations,4cf887d9-6589-4e29-bf0a-6a0e43f46fa9  ,1646931784619             ,1646931784619             ,0                         ,1646931784619             ,1646931784621             ,1646931784621             ,1646931784622             ,0       ,0       ,0       ,2       ,0       ,1       ,2       ,2  ,2529255366899679288   ,TCP   ,441  ,341  
getBlockLocations,8655cde5-90db-4720-b85c-c3305aca5134  ,1646931789938             ,1646931789938             ,0                         ,1646931789938             ,1646931789940             ,1646931789940             ,1646931789940             ,0       ,0       ,0       ,2       ,0       ,0       ,2       ,2  ,2529255366899679288   ,TCP   ,775  ,675  
getBlockLocations,48344ab4-1de9-48c3-a081-a5ac496e6e7e  ,1646931784470             ,1646931784471             ,0                         ,1646931784471             ,1646931784472             ,1646931784473             ,1646931784473             ,1       ,0       ,0       ,1       ,1       ,0       ,2       ,2  ,2529255366899679288   ,TCP   ,369  ,269  
getBlockLocations,62e54cec-f01a-47f9-a268-a991f56fdf5e  ,1646931789478             ,1646931789478             ,0                         ,1646931789478             ,1646931789480             ,1646931789480             ,1646931789481             ,0       ,0       ,0       ,2       ,0       ,1       ,2       ,2  ,2529255366899679288   ,TCP   ,565  ,465  
getBlockLocations,6413c006-0f87-4eb5-8b41-a4b7da44e1ac  ,1646931788829             ,1646931788829             ,0                         ,1646931788829             ,1646931788831             ,1646931788831             ,1646931788831             ,0       ,0       ,0       ,2       ,0       ,0       ,2       ,2  ,2529255366899679288   ,TCP   ,491  ,391  
getBlockLocations,cdafb037-6029-4b36-b1f4-c3aeef920b1b  ,1646931789446             ,1646931789446             ,0                         ,1646931789446             ,1646931789448             ,1646931789448             ,1646931789448             ,0       ,0       ,0       ,2       ,0       ,0       ,2       ,2  ,2529255366899679288   ,TCP   ,545  ,445  
getBlockLocations,791441c8-f266-45af-bb34-bac2963f1883  ,1646931789775             ,1646931789775             ,0                         ,1646931789775             ,1646931789777             ,1646931789777             ,1646931789777             ,0       ,0       ,0       ,2       ,0       ,0       ,2       ,2  ,2529255366899679288   ,TCP   ,697  ,597  
getBlockLocations,530b6e77-daa0-4c06-947f-ab7d0af33f2f  ,1646931789836             ,1646931789836             ,0                         ,1646931789836             ,1646931789838             ,1646931789838             ,1646931789838             ,0       ,0       ,0       ,2       ,0       ,0       ,2       ,2  ,2529255366899679288   ,TCP   ,731  ,631  
getBlockLocations,03fdc24b-f5fc-476b-85d2-a1c1a0e58def  ,1646931789464             ,1646931789464             ,0                         ,1646931789464             ,1646931789466             ,1646931789466             ,1646931789466             ,0       ,0       ,0       ,2       ,0       ,0       ,2       ,2  ,2529255366899679288   ,TCP   ,557  ,457  
getBlockLocations,4b393109-ca7c-4511-acc9-0c57fb0d6df1  ,1646931789735             ,1646931789735             ,0                         ,1646931789735             ,1646931789737             ,1646931789737             ,1646931789738             ,0       ,0       ,0       ,2       ,0       ,1       ,2       ,2  ,2529255366899679288   ,TCP   ,667  ,567  
getBlockLocations,55f5a86d-fb87-41ae-a338-9fec1744f4ea  ,1646931790022             ,1646931790022             ,0                         ,1646931790022             ,1646931790024             ,1646931790024             ,1646931790024             ,0       ,0       ,0       ,2       ,0       ,0       ,2       ,2  ,2529255366899679288   ,TCP   ,797  ,697  
getBlockLocations,679df23e-ecbb-41b2-8330-bf7df41e7a1d  ,1646931790062             ,1646931790062             ,0                         ,1646931790062             ,1646931790063             ,1646931790064             ,1646931790064             ,0       ,0       ,0       ,1       ,1       ,0       ,2       ,2  ,2529255366899679288   ,TCP   ,827  ,727  
getBlockLocations,9608e281-276d-4c7e-942e-c8348a7db0db  ,1646931789398             ,1646931789398             ,0                         ,1646931789398             ,1646931789400             ,1646931789400             ,1646931789400             ,0       ,0       ,0       ,2       ,0       ,0       ,2       ,2  ,2529255366899679288   ,TCP   ,515  ,415  
getBlockLocations,98134dc8-0b26-4b64-8e1c-3110dd6669f8  ,1646931789770             ,1646931789770             ,0                         ,1646931789770             ,1646931789772             ,1646931789772             ,1646931789772             ,0       ,0       ,0       ,2       ,0       ,0       ,2       ,2  ,2529255366899679288   ,TCP   ,693  ,593  
getBlockLocations,ef9108b1-9114-4a1b-9872-4eefbad7c49f  ,1646931789841             ,1646931789841             ,0                         ,1646931789841             ,1646931789843             ,1646931789843             ,1646931789843             ,0       ,0       ,0       ,2       ,0       ,0       ,2       ,2  ,2529255366899679288   ,TCP   ,735  ,635  
getBlockLocations,230c2217-3df4-490d-8d06-acde1b0ab41f  ,1646931790030             ,1646931790030             ,0                         ,1646931790030             ,1646931790032             ,1646931790032             ,1646931790032             ,0       ,0       ,0       ,2       ,0       ,0       ,2       ,2  ,2529255366899679288   ,TCP   ,803  ,703  
getBlockLocations,d4249882-1757-41f9-a007-24a942b5f054  ,1646931790032             ,1646931790033             ,0                         ,1646931790033             ,1646931790034             ,1646931790035             ,1646931790035             ,1       ,0       ,0       ,1       ,1       ,0       ,2       ,2  ,2529255366899679288   ,TCP   ,805  ,705  
getBlockLocations,bb4980e1-0615-46bf-8cc7-0a861fbde72f  ,1646931784546             ,1646931784547             ,0                         ,1646931784547             ,1646931784549             ,1646931784549             ,1646931784549             ,1       ,0       ,0       ,2       ,0       ,0       ,2       ,2  ,2529255366899679288   ,TCP   ,413  ,313  
getBlockLocations,95525940-7fd3-4256-856c-fad3ee31bf03  ,1646931790114             ,1646931790114             ,0                         ,1646931790114             ,1646931790116             ,1646931790116             ,1646931790116             ,0       ,0       ,0       ,2       ,0       ,0       ,2       ,2  ,2529255366899679288   ,TCP   ,847  ,747  
getBlockLocations,6dfebb44-14fe-4d27-bf68-e59ea0fcdcd9  ,1646931784498             ,1646931784498             ,0                         ,1646931784498             ,1646931784500             ,1646931784500             ,1646931784500             ,0       ,0       ,0       ,2       ,0       ,0       ,2       ,2  ,2529255366899679288   ,TCP   ,385  ,285  
getBlockLocations,287ea8ac-5525-4c34-974c-9504b08422a9  ,1646931789623             ,1646931789624             ,0                         ,1646931789624             ,1646931789625             ,1646931789626             ,1646931789626             ,1       ,0       ,0       ,1       ,1       ,0       ,2       ,2  ,2529255366899679288   ,TCP   ,617  ,517  
getBlockLocations,eb9fd3f7-414e-4729-a388-f4f75768c40c  ,1646931784446             ,1646931784447             ,0                         ,1646931784447             ,1646931784449             ,1646931784449             ,1646931784449             ,1       ,0       ,0       ,2       ,0       ,0       ,2       ,2  ,2529255366899679288   ,TCP   ,355  ,255  
getBlockLocations,01a80db4-6e35-4b48-8d09-7b12f335a59e  ,1646931790051             ,1646931790051             ,0                         ,1646931790051             ,1646931790053             ,1646931790053             ,1646931790053             ,0       ,0       ,0       ,2       ,0       ,0       ,2       ,2  ,2529255366899679288   ,TCP   ,819  ,719  
getBlockLocations,53b2916b-ed0f-43c3-8cf7-35a9f1d3e813  ,1646931790077             ,1646931790078             ,0                         ,1646931790078             ,1646931790106             ,1646931790106             ,1646931790106             ,1       ,0       ,0       ,28      ,0       ,0       ,28      ,2  ,2529255366899679288   ,TCP   ,839  ,739  
getBlockLocations,3f6c8270-1bc6-4537-91bb-5fc7223dce58  ,1646931789533             ,1646931789534             ,0                         ,1646931789534             ,1646931789535             ,1646931789535             ,1646931789536             ,1       ,0       ,0       ,1       ,0       ,1       ,1       ,2  ,2529255366899679288   ,TCP   ,587  ,487  
getBlockLocations,2c7c8a05-efae-424b-bdd6-0fbd03280fe4  ,1646931789823             ,1646931789823             ,0                         ,1646931789823             ,1646931789825             ,1646931789825             ,1646931789825             ,0       ,0       ,0       ,2       ,0       ,0       ,2       ,2  ,2529255366899679288   ,TCP   ,721  ,621  
getBlockLocations,e4516452-96cd-477f-b59d-ff920a5c2216  ,1646931789404             ,1646931789404             ,0                         ,1646931789404             ,1646931789406             ,1646931789406             ,1646931789407             ,0       ,0       ,0       ,2       ,0       ,1       ,2       ,2  ,2529255366899679288   ,TCP   ,519  ,419  
getBlockLocations,fd0c6d2e-1f46-44ae-a922-9950b22152d0  ,1646931789862             ,1646931789862             ,0                         ,1646931789862             ,1646931789864             ,1646931789864             ,1646931789864             ,0       ,0       ,0       ,2       ,0       ,0       ,2       ,2  ,2529255366899679288   ,TCP   ,749  ,649  
getBlockLocations,3b92bb6c-8329-4ada-9f7d-33b6b364e7c3  ,1646931789786             ,1646931789786             ,0                         ,1646931789786             ,1646931789788             ,1646931789788             ,1646931789788             ,0       ,0       ,0       ,2       ,0       ,0       ,2       ,2  ,2529255366899679288   ,TCP   ,705  ,605  
getBlockLocations,1f403db1-5731-48b3-bffb-7005e29d9a31  ,1646931789756             ,1646931789757             ,0                         ,1646931789757             ,1646931789758             ,1646931789758             ,1646931789759             ,1       ,0       ,0       ,1       ,0       ,1       ,1       ,2  ,2529255366899679288   ,TCP   ,683  ,583  
getBlockLocations,5d15fe01-6f04-4f75-bd8f-8ff1080a0876  ,1646931789781             ,1646931789781             ,0                         ,1646931789781             ,1646931789783             ,1646931789783             ,1646931789783             ,0       ,0       ,0       ,2       ,0       ,0       ,2       ,2  ,2529255366899679288   ,TCP   ,701  ,601  
getBlockLocations,f746093a-0cb1-4d3c-86fd-1b8a46210f1b  ,1646931788779             ,1646931788779             ,0                         ,1646931788779             ,1646931788781             ,1646931788781             ,1646931788781             ,0       ,0       ,0       ,2       ,0       ,0       ,2       ,2  ,2529255366899679288   ,TCP   ,473  ,373  
getBlockLocations,0d679349-78cc-45ba-a04f-eeabd073b2b3  ,1646931789929             ,1646931789930             ,0                         ,1646931789930             ,1646931789931             ,1646931789932             ,1646931789932             ,1       ,0       ,0       ,1       ,1       ,0       ,2       ,2  ,2529255366899679288   ,TCP   ,769  ,669  
getBlockLocations,535271c6-70ab-4b74-a1e8-5efa68943158  ,1646931789778             ,1646931789778             ,0                         ,1646931789778             ,1646931789780             ,1646931789780             ,1646931789780             ,0       ,0       ,0       ,2       ,0       ,0       ,2       ,2  ,2529255366899679288   ,TCP   ,699  ,599  
getBlockLocations,0d61c64a-16b3-4de5-a73d-af3fa49689e5  ,1646931789663             ,1646931789663             ,0                         ,1646931789663             ,1646931789664             ,1646931789665             ,1646931789665             ,0       ,0       ,0       ,1       ,1       ,0       ,2       ,2  ,2529255366899679288   ,TCP   ,643  ,543  
getBlockLocations,c73f106b-765b-48f5-8879-3af7c2d9a5e8  ,1646931790059             ,1646931790059             ,0                         ,1646931790059             ,1646931790061             ,1646931790061             ,1646931790061             ,0       ,0       ,0       ,2       ,0       ,0       ,2       ,2  ,2529255366899679288   ,TCP   ,825  ,725  
getBlockLocations,222fd224-91e5-4a6c-a6eb-b510c0139ec2  ,1646931789746             ,1646931789746             ,0                         ,1646931789746             ,1646931789748             ,1646931789748             ,1646931789748             ,0       ,0       ,0       ,2       ,0       ,0       ,2       ,2  ,2529255366899679288   ,TCP   ,675  ,575  
getBlockLocations,791059f4-0254-48d3-a3a4-ebaf0b478e63  ,1646931784487             ,1646931784487             ,0                         ,1646931784487             ,1646931784489             ,1646931784490             ,1646931784490             ,0       ,0       ,0       ,2       ,1       ,0       ,3       ,2  ,2529255366899679288   ,TCP   ,379  ,279  
getBlockLocations,b3ccdfe6-1a39-417c-8acb-4180b1c9b289  ,1646931789849             ,1646931789849             ,0                         ,1646931789850             ,1646931789851             ,1646931789851             ,1646931789852             ,0       ,1       ,0       ,1       ,0       ,1       ,2       ,2  ,2529255366899679288   ,TCP   ,741  ,641  
getBlockLocations,3ed5ff95-248d-48aa-806e-d482fcc859ab  ,1646931788810             ,1646931788810             ,0                         ,1646931788810             ,1646931788812             ,1646931788812             ,1646931788813             ,0       ,0       ,0       ,2       ,0       ,1       ,2       ,2  ,2529255366899679288   ,TCP   ,479  ,379  
getBlockLocations,0f2eaaad-736a-4d58-9c47-14baca5362dd  ,1646931788807             ,1646931788807             ,0                         ,1646931788807             ,1646931788809             ,1646931788809             ,1646931788809             ,0       ,0       ,0       ,2       ,0       ,0       ,2       ,2  ,2529255366899679288   ,TCP   ,477  ,377  
getBlockLocations,c298d981-169b-404f-bb43-22d7991e570c  ,1646931784530             ,1646931784530             ,0                         ,1646931784530             ,1646931784532             ,1646931784532             ,1646931784533             ,0       ,0       ,0       ,2       ,0       ,1       ,2       ,2  ,2529255366899679288   ,TCP   ,403  ,303  
getBlockLocations,105733d1-e4e3-4ac7-bdea-4ba611c6e96f  ,1646931788721             ,1646931788722             ,0                         ,1646931788722             ,1646931788724             ,1646931788727             ,1646931788736             ,1       ,0       ,0       ,2       ,3       ,9       ,5       ,2  ,2529255366899679288   ,HTTP  ,349  ,449  
getBlockLocations,5b84b6db-e0bf-414c-b038-de675f0a5dc5  ,1646931788757             ,1646931788757             ,0                         ,1646931788757             ,1646931788759             ,1646931788759             ,1646931788760             ,0       ,0       ,0       ,2       ,0       ,1       ,2       ,2  ,2529255366899679288   ,TCP   ,459  ,359  
getBlockLocations,86f20d7d-dc26-429a-a285-40c98e4140a7  ,1646931790040             ,1646931790040             ,0                         ,1646931790040             ,1646931790042             ,1646931790042             ,1646931790043             ,0       ,0       ,0       ,2       ,0       ,1       ,2       ,2  ,2529255366899679288   ,TCP   ,811  ,711  
getBlockLocations,8bbe217b-5d2d-45ee-a255-e22a3ffc44f3  ,1646931788767             ,1646931788767             ,0                         ,1646931788767             ,1646931788769             ,1646931788770             ,1646931788770             ,0       ,0       ,0       ,2       ,1       ,0       ,3       ,2  ,2529255366899679288   ,TCP   ,465  ,365  
getBlockLocations,14eb314b-5367-42f5-86b8-86d3b07a1184  ,1646931789630             ,1646931789630             ,0                         ,1646931789630             ,1646931789632             ,1646931789632             ,1646931789632             ,0       ,0       ,0       ,2       ,0       ,0       ,2       ,2  ,2529255366899679288   ,TCP   ,621  ,521  
getBlockLocations,520c34cf-2787-4efc-ac24-d5894a9f788f  ,1646931789716             ,1646931789716             ,0                         ,1646931789716             ,1646931789718             ,1646931789718             ,1646931789719             ,0       ,0       ,0       ,2       ,0       ,1       ,2       ,2  ,2529255366899679288   ,TCP   ,653  ,553  
getBlockLocations,a0ff7534-e556-4dc2-8699-ca5e3de3bb86  ,1646931789773             ,1646931789773             ,0                         ,1646931789773             ,1646931789774             ,1646931789774             ,1646931789775             ,0       ,0       ,0       ,1       ,0       ,1       ,1       ,2  ,2529255366899679288   ,TCP   ,695  ,595  
getBlockLocations,44ac328b-3a88-4385-87b6-5260ac93191a  ,1646931784442             ,1646931784443             ,0                         ,1646931784443             ,1646931784445             ,1646931784445             ,1646931784446             ,1       ,0       ,0       ,2       ,0       ,1       ,2       ,2  ,2529255366899679288   ,TCP   ,353  ,253  
getBlockLocations,8e001d15-5578-4156-9a37-dcb80991a4da  ,1646931784494             ,1646931784494             ,0                         ,1646931784494             ,1646931784496             ,1646931784496             ,1646931784497             ,0       ,0       ,0       ,2       ,0       ,1       ,2       ,2  ,2529255366899679288   ,TCP   ,383  ,283  
getBlockLocations,9e0ff65e-7f9a-479b-a204-d1992070f18f  ,1646931788847             ,1646931788848             ,0                         ,1646931788848             ,1646931788849             ,1646931788850             ,1646931788850             ,1       ,0       ,0       ,1       ,1       ,0       ,2       ,2  ,2529255366899679288   ,TCP   ,503  ,403  
getBlockLocations,bc7ee319-468f-425b-ba5b-a019378f28f3  ,1646931789914             ,1646931789914             ,0                         ,1646931789914             ,1646931789916             ,1646931789916             ,1646931789917             ,0       ,0       ,0       ,2       ,0       ,1       ,2       ,2  ,2529255366899679288   ,TCP   ,759  ,659  
getBlockLocations,95e19cce-7234-4fd9-a292-26199cdc3b7c  ,1646931789844             ,1646931789844             ,0                         ,1646931789844             ,1646931789846             ,1646931789846             ,1646931789846             ,0       ,0       ,0       ,2       ,0       ,0       ,2       ,2  ,2529255366899679288   ,TCP   ,737  ,637  
getBlockLocations,c71ce216-a5bc-4540-adce-e0faee018848  ,1646931784553             ,1646931784553             ,0                         ,1646931784553             ,1646931784555             ,1646931784555             ,1646931784556             ,0       ,0       ,0       ,2       ,0       ,1       ,2       ,2  ,2529255366899679288   ,TCP   ,417  ,317  
getBlockLocations,af9c57dc-c395-4404-ba3f-fd1346d56fad  ,1646931789539             ,1646931789539             ,0                         ,1646931789539             ,1646931789541             ,1646931789541             ,1646931789541             ,0       ,0       ,0       ,2       ,0       ,0       ,2       ,2  ,2529255366899679288   ,TCP   ,591  ,491  
getBlockLocations,43b19566-df23-4f04-aace-138a021c372a  ,1646931784467             ,1646931784468             ,0                         ,1646931784468             ,1646931784469             ,1646931784470             ,1646931784470             ,1       ,0       ,0       ,1       ,1       ,0       ,2       ,2  ,2529255366899679288   ,TCP   ,367  ,267  
getBlockLocations,baf9b7cc-5f07-404f-95d4-0a023a04f12a  ,1646931789620             ,1646931789620             ,0                         ,1646931789621             ,1646931789622             ,1646931789623             ,1646931789623             ,0       ,1       ,0       ,1       ,1       ,0       ,3       ,2  ,2529255366899679288   ,TCP   ,615  ,515  
getBlockLocations,d2023b9a-ff3d-4c38-b914-213c140c3fc3  ,1646931789834             ,1646931789834             ,0                         ,1646931789834             ,1646931789835             ,1646931789836             ,1646931789836             ,0       ,0       ,0       ,1       ,1       ,0       ,2       ,2  ,2529255366899679288   ,TCP   ,729  ,629  
getBlockLocations,f75aa2bb-dee8-4c71-9226-795ccbc601b7  ,1646931789911             ,1646931789911             ,0                         ,1646931789911             ,1646931789913             ,1646931789913             ,1646931789914             ,0       ,0       ,0       ,2       ,0       ,1       ,2       ,2  ,2529255366899679288   ,TCP   ,757  ,657  
getBlockLocations,c915bfaa-76b2-4ccc-833c-224fc65e7f54  ,1646931790046             ,1646931790046             ,0                         ,1646931790046             ,1646931790047             ,1646931790048             ,1646931790048             ,0       ,0       ,0       ,1       ,1       ,0       ,2       ,2  ,2529255366899679288   ,TCP   ,815  ,715  
getBlockLocations,45027bc6-71ac-4a1b-a312-b50a009cac4f  ,1646931789550             ,1646931789551             ,0                         ,1646931789551             ,1646931789552             ,1646931789552             ,1646931789553             ,1       ,0       ,0       ,1       ,0       ,1       ,1       ,2  ,2529255366899679288   ,TCP   ,599  ,499  
getBlockLocations,0b97debe-6768-4205-8f57-77d902b5d60e  ,1646931790109             ,1646931790109             ,0                         ,1646931790109             ,1646931790111             ,1646931790111             ,1646931790111             ,0       ,0       ,0       ,2       ,0       ,0       ,2       ,2  ,2529255366899679288   ,TCP   ,843  ,743  
getBlockLocations,a5d26a2a-1b07-4d84-b2d6-2dc42e46b59a  ,1646931789744             ,1646931789744             ,0                         ,1646931789744             ,1646931789745             ,1646931789745             ,1646931789746             ,0       ,0       ,0       ,1       ,0       ,1       ,1       ,2  ,2529255366899679288   ,TCP   ,673  ,573  
getBlockLocations,916d15bb-c93e-4b34-8026-faf80fd715dd  ,1646931789847             ,1646931789847             ,0                         ,1646931789847             ,1646931789848             ,1646931789849             ,1646931789849             ,0       ,0       ,0       ,1       ,1       ,0       ,2       ,2  ,2529255366899679288   ,TCP   ,739  ,639  
getBlockLocations,4bc318e6-8dda-4855-ba7b-e2790ac57073  ,1646931784464             ,1646931784464             ,0                         ,1646931784464             ,1646931784466             ,1646931784466             ,1646931784467             ,0       ,0       ,0       ,2       ,0       ,1       ,2       ,2  ,2529255366899679288   ,TCP   ,365  ,265  
getBlockLocations,bededaff-5fb4-4dec-aee1-211e42b0d225  ,1646931784512             ,1646931784512             ,0                         ,1646931784512             ,1646931784514             ,1646931784514             ,1646931784515             ,0       ,0       ,0       ,2       ,0       ,1       ,2       ,2  ,2529255366899679288   ,TCP   ,393  ,293  
getBlockLocations,ba8e3faf-7bea-4a44-8c38-4d8dde9aad99  ,1646931789487             ,1646931789487             ,0                         ,1646931789487             ,1646931789507             ,1646931789507             ,1646931789508             ,0       ,0       ,0       ,20      ,0       ,1       ,20      ,2  ,2529255366899679288   ,TCP   ,569  ,469  
getBlockLocations,7f177679-4ff5-4ef8-9700-fcc94c6fda67  ,1646931784508             ,1646931784509             ,0                         ,1646931784509             ,1646931784511             ,1646931784511             ,1646931784511             ,1       ,0       ,0       ,2       ,0       ,0       ,2       ,2  ,2529255366899679288   ,TCP   ,391  ,291  
getBlockLocations,a959718c-e95a-4527-b0cb-0602bcbbede0  ,1646931788835             ,1646931788835             ,0                         ,1646931788835             ,1646931788837             ,1646931788837             ,1646931788837             ,0       ,0       ,0       ,2       ,0       ,0       ,2       ,2  ,2529255366899679288   ,TCP   ,495  ,395  
getBlockLocations,a6c79ebd-b503-4f6d-83b2-9a815b47757a  ,1646931784556             ,1646931784556             ,0                         ,1646931784557             ,1646931784558             ,1646931784559             ,1646931784559             ,0       ,1       ,0       ,1       ,1       ,0       ,3       ,2  ,2529255366899679288   ,TCP   ,419  ,319  
getBlockLocations,515ef4c9-f62a-4bd6-8a48-ff0be3866751  ,1646931784580             ,1646931784605             ,0                         ,1646931784605             ,1646931784607             ,1646931784608             ,1646931784608             ,25      ,0       ,0       ,2       ,1       ,0       ,3       ,2  ,2529255366899679288   ,TCP   ,433  ,333  
getBlockLocations,84d01b07-06e3-4883-a1cc-1ed38290df3d  ,1646931789430             ,1646931789430             ,0                         ,1646931789430             ,1646931789432             ,1646931789433             ,1646931789433             ,0       ,0       ,0       ,2       ,1       ,0       ,3       ,2  ,2529255366899679288   ,TCP   ,535  ,435  
getBlockLocations,cfa550c3-f193-456a-a253-15f8fbb3b5c2  ,1646931788764             ,1646931788764             ,0                         ,1646931788764             ,1646931788766             ,1646931788766             ,1646931788767             ,0       ,0       ,0       ,2       ,0       ,1       ,2       ,2  ,2529255366899679288   ,TCP   ,463  ,363  
getBlockLocations,96cc039d-7907-452b-846b-3f748a6f7e2f  ,1646931789528             ,1646931789528             ,0                         ,1646931789528             ,1646931789530             ,1646931789530             ,1646931789530             ,0       ,0       ,0       ,2       ,0       ,0       ,2       ,2  ,2529255366899679288   ,TCP   ,583  ,483  
getBlockLocations,411f4464-295f-493d-82d6-8213cbe0aad6  ,1646931789812             ,1646931789812             ,0                         ,1646931789812             ,1646931789814             ,1646931789814             ,1646931789814             ,0       ,0       ,0       ,2       ,0       ,0       ,2       ,2  ,2529255366899679288   ,TCP   ,713  ,613  
getBlockLocations,186320c1-49f0-4200-8cf7-1838ab680f78  ,1646931789426             ,1646931789427             ,0                         ,1646931789427             ,1646931789429             ,1646931789429             ,1646931789429             ,1       ,0       ,0       ,2       ,0       ,0       ,2       ,2  ,2529255366899679288   ,TCP   ,533  ,433  
getBlockLocations,4b8530b1-59ae-4b24-93fa-4393e82bda45  ,1646931789470             ,1646931789470             ,0                         ,1646931789470             ,1646931789472             ,1646931789473             ,1646931789473             ,0       ,0       ,0       ,2       ,1       ,0       ,3       ,2  ,2529255366899679288   ,TCP   ,561  ,461  
getBlockLocations,821f6f26-c919-48b6-8028-60635b266751  ,1646931789783             ,1646931789784             ,0                         ,1646931789784             ,1646931789785             ,1646931789785             ,1646931789786             ,1       ,0       ,0       ,1       ,0       ,1       ,1       ,2  ,2529255366899679288   ,TCP   ,703  ,603  
getBlockLocations,de989700-8f7d-46e4-8852-d4b78a6d85ce  ,1646931784543             ,1646931784543             ,0                         ,1646931784543             ,1646931784545             ,1646931784546             ,1646931784546             ,0       ,0       ,0       ,2       ,1       ,0       ,3       ,2  ,2529255366899679288   ,TCP   ,411  ,311  
getBlockLocations,3778045f-c026-4dee-91d7-584bd3ebce70  ,1646931789467             ,1646931789467             ,0                         ,1646931789467             ,1646931789469             ,1646931789469             ,1646931789469             ,0       ,0       ,0       ,2       ,0       ,0       ,2       ,2  ,2529255366899679288   ,TCP   ,559  ,459  
getBlockLocations,326830d0-1a5d-4205-8723-c7c46db7c17d  ,1646931788813             ,1646931788813             ,0                         ,1646931788813             ,1646931788815             ,1646931788815             ,1646931788816             ,0       ,0       ,0       ,2       ,0       ,1       ,2       ,2  ,2529255366899679288   ,TCP   ,481  ,381  
getBlockLocations,337f503e-5803-44ba-9501-05802d459ba6  ,1646931784569             ,1646931784569             ,0                         ,1646931784569             ,1646931784571             ,1646931784572             ,1646931784572             ,0       ,0       ,0       ,2       ,1       ,0       ,3       ,2  ,2529255366899679288   ,TCP   ,427  ,327  
getBlockLocations,f8fcc283-d232-456d-9d6a-2783fe12785f  ,1646931789519             ,1646931789519             ,0                         ,1646931789519             ,1646931789521             ,1646931789521             ,1646931789521             ,0       ,0       ,0       ,2       ,0       ,0       ,2       ,2  ,2529255366899679288   ,TCP   ,577  ,477  
getBlockLocations,19e3f5e0-da34-4cbf-94ef-5f82d74851c4  ,1646931789522             ,1646931789522             ,0                         ,1646931789522             ,1646931789524             ,1646931789524             ,1646931789524             ,0       ,0       ,0       ,2       ,0       ,0       ,2       ,2  ,2529255366899679288   ,TCP   ,579  ,479  
getBlockLocations,a24bd3d3-e9ec-42bf-8676-6aef1d42f1a2  ,1646931789762             ,1646931789762             ,0                         ,1646931789762             ,1646931789763             ,1646931789764             ,1646931789764             ,0       ,0       ,0       ,1       ,1       ,0       ,2       ,2  ,2529255366899679288   ,TCP   ,687  ,587  
getBlockLocations,4c7f5a06-43a3-4784-b07c-a91d9a72887e  ,1646931789820             ,1646931789820             ,0                         ,1646931789820             ,1646931789822             ,1646931789822             ,1646931789822             ,0       ,0       ,0       ,2       ,0       ,0       ,2       ,2  ,2529255366899679288   ,TCP   ,719  ,619  
getBlockLocations,9e9fbe82-3b4f-42e4-8915-63688358fe84  ,1646931789648             ,1646931789648             ,0                         ,1646931789648             ,1646931789650             ,1646931789650             ,1646931789650             ,0       ,0       ,0       ,2       ,0       ,0       ,2       ,2  ,2529255366899679288   ,TCP   ,633  ,533  
getBlockLocations,6f3bc485-4fd7-400c-8243-33fc488aa131  ,1646931784474             ,1646931784474             ,0                         ,1646931784474             ,1646931784476             ,1646931784476             ,1646931784476             ,0       ,0       ,0       ,2       ,0       ,0       ,2       ,2  ,2529255366899679288   ,TCP   ,371  ,271  
getBlockLocations,84a7977e-efad-43a6-843a-bb5de13acffc  ,1646931784450             ,1646931784450             ,0                         ,1646931784450             ,1646931784452             ,1646931784452             ,1646931784453             ,0       ,0       ,0       ,2       ,0       ,1       ,2       ,2  ,2529255366899679288   ,TCP   ,357  ,257  
getBlockLocations,148b2d9b-09ad-499d-87f9-95a3a1dadb2c  ,1646931788710             ,1646931788713             ,0                         ,1646931788713             ,1646931788716             ,1646931788719             ,1646931788720             ,3       ,0       ,0       ,3       ,3       ,1       ,6       ,2  ,2529255366899679288   ,HTTP  ,346  ,446  
getBlockLocations,37f107d0-d2a6-4358-96bc-6d8294ccd48d  ,1646931789665             ,1646931789665             ,0                         ,1646931789665             ,1646931789705             ,1646931789705             ,1646931789706             ,0       ,0       ,0       ,40      ,0       ,1       ,40      ,2  ,2529255366899679288   ,TCP   ,645  ,545  
getBlockLocations,16ea184b-a5f4-4873-98eb-4c048f39fbac  ,1646931789817             ,1646931789818             ,0                         ,1646931789818             ,1646931789819             ,1646931789819             ,1646931789820             ,1       ,0       ,0       ,1       ,0       ,1       ,1       ,2  ,2529255366899679288   ,TCP   ,717  ,617  
getBlockLocations,b1110738-0efe-4e98-8b38-4bd57d1bc40c  ,1646931784560             ,1646931784560             ,0                         ,1646931784560             ,1646931784562             ,1646931784562             ,1646931784562             ,0       ,0       ,0       ,2       ,0       ,0       ,2       ,2  ,2529255366899679288   ,TCP   ,421  ,321  
getBlockLocations,4453400d-2c61-4cce-a2ec-0c0f6b005353  ,1646931784573             ,1646931784573             ,0                         ,1646931784573             ,1646931784575             ,1646931784575             ,1646931784576             ,0       ,0       ,0       ,2       ,0       ,1       ,2       ,2  ,2529255366899679288   ,TCP   ,429  ,329  
getBlockLocations,f3127082-4c03-4588-82e5-eca820392387  ,1646931789419             ,1646931789420             ,0                         ,1646931789420             ,1646931789422             ,1646931789422             ,1646931789422             ,1       ,0       ,0       ,2       ,0       ,0       ,2       ,2  ,2529255366899679288   ,TCP   ,529  ,429  
getBlockLocations,bde6d922-b7e2-464c-b5ad-29a973a1ed24  ,1646931790056             ,1646931790056             ,0                         ,1646931790056             ,1646931790058             ,1646931790058             ,1646931790058             ,0       ,0       ,0       ,2       ,0       ,0       ,2       ,2  ,2529255366899679288   ,TCP   ,823  ,723  
getBlockLocations,39e99f44-126f-4c47-9a20-5e87ecb0b245  ,1646931789858             ,1646931789859             ,0                         ,1646931789859             ,1646931789861             ,1646931789861             ,1646931789861             ,1       ,0       ,0       ,2       ,0       ,0       ,2       ,2  ,2529255366899679288   ,TCP   ,747  ,647  
getBlockLocations,0670e041-91a7-472a-9886-daffc8b79a2c  ,1646931789439             ,1646931789440             ,0                         ,1646931789440             ,1646931789442             ,1646931789442             ,1646931789442             ,1       ,0       ,0       ,2       ,0       ,0       ,2       ,2  ,2529255366899679288   ,TCP   ,541  ,441  
getBlockLocations,fac16782-120a-452b-a7c2-a149d89e6931  ,1646931788773             ,1646931788773             ,0                         ,1646931788773             ,1646931788775             ,1646931788775             ,1646931788776             ,0       ,0       ,0       ,2       ,0       ,1       ,2       ,2  ,2529255366899679288   ,TCP   ,469  ,369  
getBlockLocations,5aa90854-6254-4ff9-938a-98d75a566ca5  ,1646931788782             ,1646931788782             ,0                         ,1646931788782             ,1646931788806             ,1646931788806             ,1646931788806             ,0       ,0       ,0       ,24      ,0       ,0       ,24      ,2  ,2529255366899679288   ,TCP   ,475  ,375  
getBlockLocations,6de7e990-2b32-4a75-931f-d44f7a91df7c  ,1646931789389             ,1646931789389             ,0                         ,1646931789389             ,1646931789391             ,1646931789391             ,1646931789391             ,0       ,0       ,0       ,2       ,0       ,0       ,2       ,2  ,2529255366899679288   ,TCP   ,509  ,409  
getBlockLocations,4fa2c405-6644-433d-86cf-c308fc6b4c04  ,1646931789722             ,1646931789722             ,0                         ,1646931789722             ,1646931789723             ,1646931789724             ,1646931789724             ,0       ,0       ,0       ,1       ,1       ,0       ,2       ,2  ,2529255366899679288   ,TCP   ,657  ,557  
getBlockLocations,c18d104d-3a7d-4487-8ba5-5d7b57de8295  ,1646931784609             ,1646931784609             ,0                         ,1646931784609             ,1646931784611             ,1646931784611             ,1646931784612             ,0       ,0       ,0       ,2       ,0       ,1       ,2       ,2  ,2529255366899679288   ,TCP   ,435  ,335  
getBlockLocations,17183fd7-6ebb-4f55-a576-915a108f510c  ,1646931789639             ,1646931789639             ,0                         ,1646931789639             ,1646931789641             ,1646931789641             ,1646931789641             ,0       ,0       ,0       ,2       ,0       ,0       ,2       ,2  ,2529255366899679288   ,TCP   ,627  ,527  
getBlockLocations,97ec094c-9671-4b78-b116-695d95964ef9  ,1646931784612             ,1646931784612             ,0                         ,1646931784612             ,1646931784614             ,1646931784615             ,1646931784615             ,0       ,0       ,0       ,2       ,1       ,0       ,3       ,2  ,2529255366899679288   ,TCP   ,437  ,337  
getBlockLocations,79f3af7b-9d3a-47a5-9753-7b2dd9901a31  ,1646931788838             ,1646931788838             ,0                         ,1646931788838             ,1646931788840             ,1646931788840             ,1646931788840             ,0       ,0       ,0       ,2       ,0       ,0       ,2       ,2  ,2529255366899679288   ,TCP   ,497  ,397  
getBlockLocations,3d59cbaa-d12d-4c54-94ff-043831825bfd  ,1646931789508             ,1646931789509             ,0                         ,1646931789509             ,1646931789511             ,1646931789512             ,1646931789512             ,1       ,0       ,0       ,2       ,1       ,0       ,3       ,2  ,2529255366899679288   ,TCP   ,571  ,471  
getBlockLocations,7b27cd07-e153-419e-af49-cccb1555eb36  ,1646931788816             ,1646931788816             ,0                         ,1646931788816             ,1646931788818             ,1646931788819             ,1646931788819             ,0       ,0       ,0       ,2       ,1       ,0       ,3       ,2  ,2529255366899679288   ,TCP   ,483  ,383  
getBlockLocations,c0c76cd0-7091-4af8-8118-68ce103189ba  ,1646931789917             ,1646931789917             ,0                         ,1646931789917             ,1646931789919             ,1646931789919             ,1646931789920             ,0       ,0       ,0       ,2       ,0       ,1       ,2       ,2  ,2529255366899679288   ,TCP   ,761  ,661  
getBlockLocations,eacf1a1c-dd24-486b-b18e-073130abaf57  ,1646931789401             ,1646931789401             ,0                         ,1646931789401             ,1646931789403             ,1646931789403             ,1646931789403             ,0       ,0       ,0       ,2       ,0       ,0       ,2       ,2  ,2529255366899679288   ,TCP   ,517  ,417  
getBlockLocations,498886c7-49a3-4be1-9293-0447353a79fd  ,1646931790020             ,1646931790020             ,0                         ,1646931790020             ,1646931790021             ,1646931790022             ,1646931790022             ,0       ,0       ,0       ,1       ,1       ,0       ,2       ,2  ,2529255366899679288   ,TCP   ,795  ,695  
getBlockLocations,897c5208-ec0d-4e4c-946a-b022a8c8c8bd  ,1646931789380             ,1646931789381             ,0                         ,1646931789381             ,1646931789384             ,1646931789384             ,1646931789384             ,1       ,0       ,0       ,3       ,0       ,0       ,3       ,2  ,2529255366899679288   ,TCP   ,505  ,405  
getBlockLocations,d0b30791-7926-4885-a15c-319247f73cc7  ,1646931789516             ,1646931789516             ,0                         ,1646931789516             ,1646931789518             ,1646931789518             ,1646931789518             ,0       ,0       ,0       ,2       ,0       ,0       ,2       ,2  ,2529255366899679288   ,TCP   ,575  ,475  
getBlockLocations,6965ac42-ef8f-4d02-9860-a759c02b5303  ,1646931789815             ,1646931789815             ,0                         ,1646931789815             ,1646931789817             ,1646931789817             ,1646931789817             ,0       ,0       ,0       ,2       ,0       ,0       ,2       ,2  ,2529255366899679288   ,TCP   ,715  ,615  
getBlockLocations,e378fb3d-3844-4f68-9081-d1e34db84af6  ,1646931789474             ,1646931789474             ,0                         ,1646931789474             ,1646931789477             ,1646931789477             ,1646931789477             ,0       ,0       ,0       ,3       ,0       ,0       ,3       ,2  ,2529255366899679288   ,TCP   ,563  ,463  
getBlockLocations,3540dfcb-6c2c-42b1-a251-89b147af3f1a  ,1646931789633             ,1646931789633             ,0                         ,1646931789633             ,1646931789635             ,1646931789635             ,1646931789635             ,0       ,0       ,0       ,2       ,0       ,0       ,2       ,2  ,2529255366899679288   ,TCP   ,623  ,523  
getBlockLocations,9e19970d-cc3f-4239-8d7a-d931567c0a7f  ,1646931789654             ,1646931789654             ,0                         ,1646931789654             ,1646931789656             ,1646931789656             ,1646931789657             ,0       ,0       ,0       ,2       ,0       ,1       ,2       ,2  ,2529255366899679288   ,TCP   ,637  ,537  
getBlockLocations,e3c4d110-cce1-4daa-8d7c-8d62e42c6f5b  ,1646931789831             ,1646931789831             ,0                         ,1646931789831             ,1646931789833             ,1646931789833             ,1646931789833             ,0       ,0       ,0       ,2       ,0       ,0       ,2       ,2  ,2529255366899679288   ,TCP   ,727  ,627  
getBlockLocations,1592e14c-c80b-404e-96d6-bf31380c0435  ,1646931789660             ,1646931789660             ,0                         ,1646931789660             ,1646931789662             ,1646931789662             ,1646931789662             ,0       ,0       ,0       ,2       ,0       ,0       ,2       ,2  ,2529255366899679288   ,TCP   ,641  ,541  
getBlockLocations,1a1ef20f-97ab-4565-a593-9d1b35138988  ,1646931789553             ,1646931789553             ,0                         ,1646931789553             ,1646931789555             ,1646931789555             ,1646931789556             ,0       ,0       ,0       ,2       ,0       ,1       ,2       ,2  ,2529255366899679288   ,TCP   ,601  ,501  
getBlockLocations,3c8e0a6e-e22f-406a-b597-f46d17f22896  ,1646931789759             ,1646931789759             ,0                         ,1646931789759             ,1646931789761             ,1646931789761             ,1646931789761             ,0       ,0       ,0       ,2       ,0       ,0       ,2       ,2  ,2529255366899679288   ,TCP   ,685  ,585  
getBlockLocations,75f1886c-9943-4780-b37c-6837b8f30bf8  ,1646931789636             ,1646931789636             ,0                         ,1646931789636             ,1646931789638             ,1646931789638             ,1646931789638             ,0       ,0       ,0       ,2       ,0       ,0       ,2       ,2  ,2529255366899679288   ,TCP   ,625  ,525  
getBlockLocations,fe284f92-e2ca-4136-9beb-098cc3f91686  ,1646931790072             ,1646931790072             ,0                         ,1646931790073             ,1646931790074             ,1646931790074             ,1646931790074             ,0       ,1       ,0       ,1       ,0       ,0       ,2       ,2  ,2529255366899679288   ,TCP   ,835  ,735  
getBlockLocations,35cfa06f-0d40-44e8-a315-cc8dd78c79ed  ,1646931789433             ,1646931789434             ,0                         ,1646931789434             ,1646931789436             ,1646931789436             ,1646931789436             ,1       ,0       ,0       ,2       ,0       ,0       ,2       ,2  ,2529255366899679288   ,TCP   ,537  ,437  
getBlockLocations,70337f45-3416-4e02-b017-6f7114cf59c5  ,1646931789932             ,1646931789933             ,0                         ,1646931789933             ,1646931789934             ,1646931789934             ,1646931789935             ,1       ,0       ,0       ,1       ,0       ,1       ,1       ,2  ,2529255366899679288   ,TCP   ,771  ,671  
getBlockLocations,39de0898-f013-484f-af6d-c60df7b13dc6  ,1646931789609             ,1646931789609             ,0                         ,1646931789609             ,1646931789612             ,1646931789612             ,1646931789612             ,0       ,0       ,0       ,3       ,0       ,0       ,3       ,2  ,2529255366899679288   ,TCP   ,609  ,509  
getBlockLocations,c6c058f3-8579-4e3d-b014-03ba242c50f8  ,1646931788770             ,1646931788770             ,0                         ,1646931788770             ,1646931788772             ,1646931788772             ,1646931788773             ,0       ,0       ,0       ,2       ,0       ,1       ,2       ,2  ,2529255366899679288   ,TCP   ,467  ,367  
getBlockLocations,a0f32741-e0fc-42e1-8c6d-d37444fdbd34  ,1646931789907             ,1646931789907             ,0                         ,1646931789907             ,1646931789910             ,1646931789910             ,1646931789910             ,0       ,0       ,0       ,3       ,0       ,0       ,3       ,2  ,2529255366899679288   ,TCP   ,755  ,655  
getBlockLocations,49240556-6b31-4cba-a26e-354a147658bb  ,1646931789709             ,1646931789710             ,0                         ,1646931789710             ,1646931789712             ,1646931789712             ,1646931789712             ,1       ,0       ,0       ,2       ,0       ,0       ,2       ,2  ,2529255366899679288   ,TCP   ,649  ,549  
getBlockLocations,5237cb33-b28d-4106-aefe-7515b757c0e4  ,1646931784480             ,1646931784481             ,0                         ,1646931784481             ,1646931784483             ,1646931784483             ,1646931784483             ,1       ,0       ,0       ,2       ,0       ,0       ,2       ,2  ,2529255366899679288   ,TCP   ,375  ,275  
getBlockLocations,a327a363-1e7a-41e3-b774-9c4a12b06b37  ,1646931789613             ,1646931789613             ,0                         ,1646931789613             ,1646931789616             ,1646931789616             ,1646931789616             ,0       ,0       ,0       ,3       ,0       ,0       ,3       ,2  ,2529255366899679288   ,TCP   ,611  ,511  
getBlockLocations,695c6040-c025-4cb5-a1e7-4b05fc0386b2  ,1646931789542             ,1646931789542             ,0                         ,1646931789542             ,1646931789544             ,1646931789544             ,1646931789544             ,0       ,0       ,0       ,2       ,0       ,0       ,2       ,2  ,2529255366899679288   ,TCP   ,593  ,493  
getBlockLocations,537f4163-26c7-44ae-a4ff-71d288270fb6  ,1646931789531             ,1646931789531             ,0                         ,1646931789531             ,1646931789532             ,1646931789533             ,1646931789533             ,0       ,0       ,0       ,1       ,1       ,0       ,2       ,2  ,2529255366899679288   ,TCP   ,585  ,485  
getBlockLocations,409c6966-d192-4135-85f8-79f4defc4a1f  ,1646931789548             ,1646931789548             ,0                         ,1646931789548             ,1646931789550             ,1646931789550             ,1646931789550             ,0       ,0       ,0       ,2       ,0       ,0       ,2       ,2  ,2529255366899679288   ,TCP   ,597  ,497  
getBlockLocations,66c04d78-ce61-41bc-ac94-3b89390435ee  ,1646931784537             ,1646931784537             ,0                         ,1646931784537             ,1646931784539             ,1646931784539             ,1646931784539             ,0       ,0       ,0       ,2       ,0       ,0       ,2       ,2  ,2529255366899679288   ,TCP   ,407  ,307  
getBlockLocations,c36a3630-562f-4d6e-8925-40b97585d2f7  ,1646931789407             ,1646931789407             ,0                         ,1646931789407             ,1646931789409             ,1646931789410             ,1646931789410             ,0       ,0       ,0       ,2       ,1       ,0       ,3       ,2  ,2529255366899679288   ,TCP   ,521  ,421  
getBlockLocations,d3014f47-a261-456d-a744-355e6e9115f5  ,1646931789627             ,1646931789627             ,0                         ,1646931789627             ,1646931789629             ,1646931789629             ,1646931789629             ,0       ,0       ,0       ,2       ,0       ,0       ,2       ,2  ,2529255366899679288   ,TCP   ,619  ,519  
getBlockLocations,fe0c0263-d16b-4043-8900-0361575f8b8f  ,1646931790017             ,1646931790017             ,0                         ,1646931790017             ,1646931790019             ,1646931790019             ,1646931790019             ,0       ,0       ,0       ,2       ,0       ,0       ,2       ,2  ,2529255366899679288   ,TCP   ,793  ,693  
getBlockLocations,49597882-025c-4abb-b730-df3bf695aabf  ,1646931789727             ,1646931789727             ,0                         ,1646931789727             ,1646931789729             ,1646931789729             ,1646931789729             ,0       ,0       ,0       ,2       ,0       ,0       ,2       ,2  ,2529255366899679288   ,TCP   ,661  ,561  
getBlockLocations,8d06cc74-fb1f-478e-88c3-cf643075f9d8  ,1646931784461             ,1646931784461             ,0                         ,1646931784461             ,1646931784463             ,1646931784463             ,1646931784464             ,0       ,0       ,0       ,2       ,0       ,1       ,2       ,2  ,2529255366899679288   ,TCP   ,363  ,263  
getBlockLocations,5028a245-a04c-40ef-bd91-4f29030aa7dc  ,1646931788776             ,1646931788776             ,0                         ,1646931788776             ,1646931788778             ,1646931788778             ,1646931788779             ,0       ,0       ,0       ,2       ,0       ,1       ,2       ,2  ,2529255366899679288   ,TCP   ,471  ,371  
getBlockLocations,b53fdfbd-6c52-4eb2-a337-b15ed1d51ded  ,1646931790014             ,1646931790015             ,0                         ,1646931790015             ,1646931790016             ,1646931790016             ,1646931790017             ,1       ,0       ,0       ,1       ,0       ,1       ,1       ,2  ,2529255366899679288   ,TCP   ,791  ,691  
getBlockLocations,c5ada96c-2562-4db3-b3f9-b4b1e27718f7  ,1646931789855             ,1646931789855             ,0                         ,1646931789855             ,1646931789857             ,1646931789858             ,1646931789858             ,0       ,0       ,0       ,2       ,1       ,0       ,3       ,2  ,2529255366899679288   ,TCP   ,745  ,645  
getBlockLocations,f00e8c4e-8f19-4848-a9fc-e1ce7c8f21e1  ,1646931790027             ,1646931790027             ,0                         ,1646931790027             ,1646931790029             ,1646931790029             ,1646931790030             ,0       ,0       ,0       ,2       ,0       ,1       ,2       ,2  ,2529255366899679288   ,TCP   ,801  ,701  
getBlockLocations,654ef6cd-2619-4124-a0cf-611a78ab8e5a  ,1646931784526             ,1646931784527             ,0                         ,1646931784527             ,1646931784529             ,1646931784529             ,1646931784529             ,1       ,0       ,0       ,2       ,0       ,0       ,2       ,2  ,2529255366899679288   ,TCP   ,401  ,301  
getBlockLocations,7b39798a-7ae4-4a4e-826a-b93e95d3a6cc  ,1646931789556             ,1646931789556             ,0                         ,1646931789556             ,1646931789558             ,1646931789559             ,1646931789559             ,0       ,0       ,0       ,2       ,1       ,0       ,3       ,2  ,2529255366899679288   ,TCP   ,603  ,503  
getBlockLocations,cd89c1fe-0352-453e-8b28-b2fa1351a73d  ,1646931789449             ,1646931789449             ,0                         ,1646931789449             ,1646931789451             ,1646931789451             ,1646931789451             ,0       ,0       ,0       ,2       ,0       ,0       ,2       ,2  ,2529255366899679288   ,TCP   ,547  ,447  
getBlockLocations,df87b570-09d6-4305-a050-638b3284f201  ,1646931789738             ,1646931789738             ,0                         ,1646931789738             ,1646931789740             ,1646931789740             ,1646931789741             ,0       ,0       ,0       ,2       ,0       ,1       ,2       ,2  ,2529255366899679288   ,TCP   ,669  ,569  
getBlockLocations,00aa9393-275c-4019-823f-4b9ec5247579  ,1646931789852             ,1646931789852             ,0                         ,1646931789852             ,1646931789854             ,1646931789854             ,1646931789855             ,0       ,0       ,0       ,2       ,0       ,1       ,2       ,2  ,2529255366899679288   ,TCP   ,743  ,643  
getBlockLocations,23b054ff-483b-45ad-8f1f-1fb465a17fdf  ,1646931790009             ,1646931790009             ,0                         ,1646931790009             ,1646931790011             ,1646931790011             ,1646931790011             ,0       ,0       ,0       ,2       ,0       ,0       ,2       ,2  ,2529255366899679288   ,TCP   ,787  ,687  
getBlockLocations,fade52bf-47ea-48fa-9051-50e5f2709058  ,1646931789935             ,1646931789935             ,0                         ,1646931789935             ,1646931789937             ,1646931789937             ,1646931789937             ,0       ,0       ,0       ,2       ,0       ,0       ,2       ,2  ,2529255366899679288   ,TCP   ,773  ,673  
getBlockLocations,55974d5c-28a6-4362-9fd0-56afc84e6ac3  ,1646931789545             ,1646931789545             ,0                         ,1646931789545             ,1646931789547             ,1646931789547             ,1646931789547             ,0       ,0       ,0       ,2       ,0       ,0       ,2       ,2  ,2529255366899679288   ,TCP   ,595  ,495  
getBlockLocations,e2d70c89-29c4-4d84-b787-909c8913e491  ,1646931789719             ,1646931789719             ,0                         ,1646931789719             ,1646931789721             ,1646931789721             ,1646931789721             ,0       ,0       ,0       ,2       ,0       ,0       ,2       ,2  ,2529255366899679288   ,TCP   ,655  ,555  
getBlockLocations,a4a68785-cf9b-49c3-91f7-ef82746d9001  ,1646931788753             ,1646931788753             ,0                         ,1646931788753             ,1646931788755             ,1646931788756             ,1646931788756             ,0       ,0       ,0       ,2       ,1       ,0       ,3       ,2  ,2529255366899679288   ,TCP   ,457  ,357  
getBlockLocations,52381c27-09ea-4ca1-b1aa-5e69a7852383  ,1646931790112             ,1646931790112             ,0                         ,1646931790112             ,1646931790113             ,1646931790114             ,1646931790114             ,0       ,0       ,0       ,1       ,1       ,0       ,2       ,2  ,2529255366899679288   ,TCP   ,845  ,745  
getBlockLocations,f91a4710-7037-4565-97f7-f1ab4b94ff00  ,1646931788832             ,1646931788832             ,0                         ,1646931788832             ,1646931788834             ,1646931788834             ,1646931788834             ,0       ,0       ,0       ,2       ,0       ,0       ,2       ,2  ,2529255366899679288   ,TCP   ,493  ,393  
getBlockLocations,02fb3e73-ea5d-454a-941d-8b89b90311d8  ,1646931790070             ,1646931790070             ,0                         ,1646931790070             ,1646931790072             ,1646931790072             ,1646931790072             ,0       ,0       ,0       ,2       ,0       ,0       ,2       ,2  ,2529255366899679288   ,TCP   ,833  ,733  
getBlockLocations,f3cdc2f9-2f64-4820-bd2b-9294c27e8588  ,1646931789442             ,1646931789443             ,0                         ,1646931789443             ,1646931789445             ,1646931789445             ,1646931789445             ,1       ,0       ,0       ,2       ,0       ,0       ,2       ,2  ,2529255366899679288   ,TCP   ,543  ,443  
getBlockLocations,40c58e29-7bcd-419a-aa2b-5f9a7466a1e3  ,1646931784490             ,1646931784491             ,0                         ,1646931784491             ,1646931784493             ,1646931784493             ,1646931784493             ,1       ,0       ,0       ,2       ,0       ,0       ,2       ,2  ,2529255366899679288   ,TCP   ,381  ,281  
getBlockLocations,15eee4bd-11da-4d0b-9e46-a40fdb0c5f92  ,1646931789732             ,1646931789732             ,0                         ,1646931789733             ,1646931789734             ,1646931789734             ,1646931789735             ,0       ,1       ,0       ,1       ,0       ,1       ,2       ,2  ,2529255366899679288   ,TCP   ,665  ,565  
getBlockLocations,5c263dab-1ece-418a-bd26-f139feabd1cd  ,1646931789452             ,1646931789452             ,0                         ,1646931789452             ,1646931789454             ,1646931789454             ,1646931789454             ,0       ,0       ,0       ,2       ,0       ,0       ,2       ,2  ,2529255366899679288   ,TCP   ,549  ,449  
getBlockLocations,4fd644dc-ea81-4dbb-a57a-9a8b2be4e08c  ,1646931789741             ,1646931789741             ,0                         ,1646931789741             ,1646931789743             ,1646931789743             ,1646931789743             ,0       ,0       ,0       ,2       ,0       ,0       ,2       ,2  ,2529255366899679288   ,TCP   ,671  ,571  
getBlockLocations,d4305539-ae96-478b-874d-c98a81854b21  ,1646931790012             ,1646931790012             ,0                         ,1646931790012             ,1646931790014             ,1646931790014             ,1646931790014             ,0       ,0       ,0       ,2       ,0       ,0       ,2       ,2  ,2529255366899679288   ,TCP   ,789  ,689  
getBlockLocations,f9ee01bc-143f-44ca-a15c-9a797b551866  ,1646931784622             ,1646931784623             ,0                         ,1646931784623             ,1646931784625             ,1646931784625             ,1646931784625             ,1       ,0       ,0       ,2       ,0       ,0       ,2       ,2  ,2529255366899679288   ,TCP   ,443  ,343  
getBlockLocations,564b5677-f3af-42e4-a2d5-404ae275144f  ,1646931784516             ,1646931784516             ,0                         ,1646931784516             ,1646931784518             ,1646931784518             ,1646931784519             ,0       ,0       ,0       ,2       ,0       ,1       ,2       ,2  ,2529255366899679288   ,TCP   ,395  ,295  
getBlockLocations,73ff80f3-205a-4872-b120-cc725c0a1708  ,1646931789395             ,1646931789395             ,0                         ,1646931789395             ,1646931789397             ,1646931789397             ,1646931789397             ,0       ,0       ,0       ,2       ,0       ,0       ,2       ,2  ,2529255366899679288   ,TCP   ,513  ,413  
getBlockLocations,d59b4e5c-1a77-4ddc-9947-d924edf849d8  ,1646931784501             ,1646931784501             ,0                         ,1646931784501             ,1646931784503             ,1646931784503             ,1646931784504             ,0       ,0       ,0       ,2       ,0       ,1       ,2       ,2  ,2529255366899679288   ,TCP   ,387  ,287  
getBlockLocations,2665fadb-feef-41ea-bcde-5ddb4191fe41  ,1646931784505             ,1646931784505             ,0                         ,1646931784505             ,1646931784507             ,1646931784507             ,1646931784507             ,0       ,0       ,0       ,2       ,0       ,0       ,2       ,2  ,2529255366899679288   ,TCP   ,389  ,289  
getBlockLocations,e49fd098-4267-4cd8-87ff-eaa0df8d44b3  ,1646931784519             ,1646931784519             ,0                         ,1646931784520             ,1646931784521             ,1646931784522             ,1646931784522             ,0       ,1       ,0       ,1       ,1       ,0       ,3       ,2  ,2529255366899679288   ,TCP   ,397  ,297  
getBlockLocations,16321719-85c9-459c-ae66-c2e130949684  ,1646931790035             ,1646931790035             ,0                         ,1646931790035             ,1646931790037             ,1646931790037             ,1646931790037             ,0       ,0       ,0       ,2       ,0       ,0       ,2       ,2  ,2529255366899679288   ,TCP   ,807  ,707  
getBlockLocations,6a00572c-7cef-42e5-be96-b6a429ce37fd  ,1646931790038             ,1646931790038             ,0                         ,1646931790038             ,1646931790040             ,1646931790040             ,1646931790040             ,0       ,0       ,0       ,2       ,0       ,0       ,2       ,2  ,2529255366899679288   ,TCP   ,809  ,709  
getBlockLocations,4acdbd6c-3cce-473c-99b2-8b43d572d8b0  ,1646931789657             ,1646931789657             ,0                         ,1646931789657             ,1646931789659             ,1646931789659             ,1646931789659             ,0       ,0       ,0       ,2       ,0       ,0       ,2       ,2  ,2529255366899679288   ,TCP   ,639  ,539  
getBlockLocations,50593b88-4f2a-4973-aa33-ec5bf1831cf8  ,1646931789951             ,1646931789951             ,0                         ,1646931789951             ,1646931789953             ,1646931789953             ,1646931789953             ,0       ,0       ,0       ,2       ,0       ,0       ,2       ,2  ,2529255366899679288   ,TCP   ,783  ,683  
getBlockLocations,896fa90b-4949-4ab2-ad3b-c90c6e88a383  ,1646931790053             ,1646931790054             ,0                         ,1646931790054             ,1646931790055             ,1646931790056             ,1646931790056             ,1       ,0       ,0       ,1       ,1       ,0       ,2       ,2  ,2529255366899679288   ,TCP   ,821  ,721  
getBlockLocations,d753738b-5655-4ce9-b9f8-7cb115f899b6  ,1646931784566             ,1646931784566             ,0                         ,1646931784566             ,1646931784568             ,1646931784568             ,1646931784569             ,0       ,0       ,0       ,2       ,0       ,1       ,2       ,2  ,2529255366899679288   ,TCP   ,425  ,325  
getBlockLocations,35978380-ae12-48a0-8d81-d05d4d7ec4ff  ,1646931784402             ,1646931784405             ,0                         ,1646931784405             ,1646931784410             ,1646931784413             ,1646931784414             ,3       ,0       ,0       ,5       ,3       ,1       ,8       ,2  ,2529255366899679288   ,HTTP  ,243  ,341  
getBlockLocations,f4cfbe92-236a-4274-b0b9-599d9cd87099  ,1646931789437             ,1646931789437             ,0                         ,1646931789437             ,1646931789439             ,1646931789439             ,1646931789439             ,0       ,0       ,0       ,2       ,0       ,0       ,2       ,2  ,2529255366899679288   ,TCP   ,539  ,439  
getBlockLocations,b8658f45-1756-4b5a-b13d-fb4b386e0cbe  ,1646931784458             ,1646931784458             ,0                         ,1646931784458             ,1646931784460             ,1646931784460             ,1646931784460             ,0       ,0       ,0       ,2       ,0       ,0       ,2       ,2  ,2529255366899679288   ,TCP   ,361  ,261  
getBlockLocations,024a169c-7511-4399-8a92-5fd6c8444a6f  ,1646931789754             ,1646931789754             ,0                         ,1646931789754             ,1646931789756             ,1646931789756             ,1646931789756             ,0       ,0       ,0       ,2       ,0       ,0       ,2       ,2  ,2529255366899679288   ,TCP   ,681  ,581  
getBlockLocations,c7ea1760-abaf-4b40-a747-d722abf59228  ,1646931790075             ,1646931790075             ,0                         ,1646931790075             ,1646931790077             ,1646931790077             ,1646931790077             ,0       ,0       ,0       ,2       ,0       ,0       ,2       ,2  ,2529255366899679288   ,TCP   ,837  ,737  
getBlockLocations,5d08e2b2-590f-43ba-8ff8-40f418e71687  ,1646931789559             ,1646931789560             ,0                         ,1646931789560             ,1646931789562             ,1646931789562             ,1646931789562             ,1       ,0       ,0       ,2       ,0       ,0       ,2       ,2  ,2529255366899679288   ,TCP   ,605  ,505  
getBlockLocations,b4cd99bf-bd91-43c4-9629-68439b915328  ,1646931789536             ,1646931789536             ,0                         ,1646931789536             ,1646931789538             ,1646931789538             ,1646931789538             ,0       ,0       ,0       ,2       ,0       ,0       ,2       ,2  ,2529255366899679288   ,TCP   ,589  ,489  
getBlockLocations,b7a5cbd0-8f1d-4470-b73b-f1cbe1bb9dce  ,1646931784477             ,1646931784477             ,0                         ,1646931784477             ,1646931784479             ,1646931784480             ,1646931784480             ,0       ,0       ,0       ,2       ,1       ,0       ,3       ,2  ,2529255366899679288   ,TCP   ,373  ,273  
getBlockLocations,60df5533-3887-493f-8074-dd24df3ac2a1  ,1646931789416             ,1646931789417             ,0                         ,1646931789417             ,1646931789418             ,1646931789419             ,1646931789419             ,1       ,0       ,0       ,1       ,1       ,0       ,2       ,2  ,2529255366899679288   ,TCP   ,527  ,427  
